treated;age;education;black;married;nodegree;re74;re75;re78;hispanic;u74;u75;q1
1;33;12;0;1;0;0;0;12418;0;1;1;disagree
1;20;12;0;1;0;8644;8644;11657;0;0;0;strongly agree
0;39;12;1;1;0;19785;6608;499;0;0;0;neutral
1;49;8;0;1;1;9715;7286;16717;0;0;0;no opinion
0;26;8;0;1;1;37212;36941;30248;0;0;0;no opinion
0;38;10;1;1;1;14759;14702;4394;0;0;0;strongly disagree
0;28;12;0;0;0;0;803;16477;0;1;0;agree
0;27;12;1;1;0;0;752;0;0;1;0;no opinion
1;33;12;1;1;0;20280;10941;15953;0;0;0;agree
0;44;9;1;1;1;12261;10857;12359;0;0;0;neutral
0;28;10;0;1;1;5441;6346;6793;0;0;0;no opinion
0;31;12;0;0;0;0;495;0;0;1;0;neutral
0;24;12;0;1;0;28262;24295;666;0;0;0;strongly agree
0;29;12;0;0;0;12117;12205;16329;0;0;0;agree
0;20;11;0;1;1;7254;8160;6337;0;0;0;strongly disagree
0;22;10;0;1;1;25721;23032;5449;0;0;0;no opinion
1;35;9;1;1;1;13602;13831;12804;0;0;0;disagree
1;42;9;1;1;1;0;3059;1294;0;1;0;strongly disagree
1;21;13;0;0;0;9979;8617;100;0;0;0;disagree
1;23;12;0;0;0;5204;3903;797;0;0;0;no opinion
0;18;12;0;0;0;735;735;2503;0;0;0;no opinion
1;22;12;0;0;0;6760;8456;12591;0;0;0;strongly agree
0;20;12;0;0;0;4140;3105;12574;0;0;0;agree
0;22;12;1;1;0;9421;9352;8072;0;0;0;no opinion
0;35;11;1;1;1;7097;8721;0;0;0;0;agree
1;27;13;0;1;0;9382;854;0;0;0;0;strongly agree
0;41;12;1;0;0;10707;9818;0;0;0;0;agree
0;30;11;1;1;1;0;9312;3983;0;1;0;agree
1;22;12;0;1;0;492;7056;10093;1;0;0;disagree
1;27;12;1;1;0;10409;7806;2778;0;0;0;strongly disagree
1;42;14;1;1;0;0;0;13168;0;1;1;no opinion
0;27;10;1;1;1;13542;11281;0;0;0;0;no opinion
1;41;14;0;0;0;0;0;5150;0;1;1;strongly agree
0;50;8;1;1;1;7507;5630;8997;0;0;0;strongly agree
1;26;10;1;1;1;9774;8142;4636;0;0;0;strongly disagree
0;25;10;1;1;1;12428;11696;11127;0;0;0;neutral
1;35;8;1;1;1;13732;17976;3787;0;0;0;strongly agree
0;25;9;1;1;1;24732;16947;7344;0;0;0;disagree
1;33;11;1;1;1;14661;25142;4182;0;0;0;disagree
0;28;12;1;1;0;0;0;0;0;1;1;disagree
0;27;11;1;1;1;20249;20035;9075;0;0;0;strongly disagree
1;46;8;1;1;1;0;0;3094;0;1;1;neutral
0;30;14;1;1;0;0;0;7345;0;1;1;neutral
1;19;10;0;0;1;0;5324;13830;0;1;0;neutral
0;34;13;1;1;0;0;0;5193;0;1;1;strongly disagree
1;26;11;0;0;1;0;2226;13386;0;1;0;strongly disagree
0;30;11;1;1;1;24287;24105;7263;0;0;0;disagree
0;36;12;1;0;0;0;142;0;0;1;0;neutral
1;45;5;1;1;1;0;0;8547;0;1;1;disagree
1;23;10;1;1;1;0;936;11233;0;1;0;no opinion
0;39;12;1;1;0;0;0;3796;0;1;1;strongly disagree
0;23;9;1;1;1;19047;19290;7600;0;0;0;neutral
0;27;11;1;1;1;0;4492;0;0;1;0;strongly agree
1;38;12;0;0;0;0;0;4942;0;1;1;strongly disagree
0;24;11;0;0;1;2670;1468;10362;0;0;0;agree
1;26;11;1;1;1;0;1393;1460;0;1;0;disagree
1;29;14;1;0;0;0;680;17815;0;1;0;strongly disagree
1;27;11;1;1;1;2336;2142;2186;0;0;0;strongly agree
0;55;3;1;0;1;0;0;5844;0;1;1;no opinion
0;20;11;0;0;1;1413;1177;8743;0;0;0;neutral
0;54;11;1;0;1;0;0;7813;0;1;1;agree
0;36;12;0;0;0;13661;11492;4979;1;0;0;strongly disagree
0;23;10;1;1;1;0;0;0;0;1;1;neutral
0;28;11;0;0;1;2788;3201;7645;0;0;0;disagree
0;32;12;0;1;0;0;0;6735;1;1;1;strongly agree
0;32;12;1;0;0;13283;12419;10674;0;0;0;neutral
0;18;9;0;0;1;0;560;7300;0;1;0;strongly agree
1;26;11;0;0;1;22894;22960;2747;0;0;0;strongly agree
1;28;11;1;1;1;6702;6953;7318;0;0;0;strongly agree
0;28;11;1;1;1;824;10034;0;0;0;0;neutral
1;26;12;1;0;0;8812;6609;5812;0;0;0;strongly agree
0;31;13;1;0;0;10256;10394;7405;0;0;0;agree
0;28;9;1;1;1;10222;9210;1240;0;0;0;strongly agree
1;24;12;1;0;0;11972;12982;0;0;0;0;strongly disagree
1;46;13;1;0;0;0;0;647;0;1;1;neutral
1;18;10;1;1;1;785;1958;10990;0;0;0;disagree
0;26;11;1;1;1;0;4185;0;0;1;0;neutral
1;26;11;1;1;1;0;2755;26372;0;1;0;agree
0;22;12;1;0;0;4380;2004;440;0;0;0;neutral
1;41;9;1;1;1;7865;7212;3155;0;0;0;strongly disagree
0;22;10;0;0;1;27864;10599;7095;0;0;0;disagree
0;19;10;0;0;1;0;0;3194;0;1;1;strongly agree
0;25;11;1;1;1;2336;3266;479;0;0;0;neutral
0;29;13;1;0;0;718;2266;2725;0;0;0;strongly agree
0;21;9;0;0;1;2988;1577;1740;0;0;0;strongly disagree
1;24;11;1;1;1;824;1666;4033;0;0;0;neutral
1;29;12;1;0;0;9748;4879;10977;0;0;0;no opinion
0;29;12;1;0;0;0;1359;133;0;1;0;no opinion
1;19;8;0;0;1;4102;3417;9251;0;0;0;no opinion
0;25;9;1;1;1;0;0;4715;0;1;1;disagree
1;31;9;1;0;1;0;1699;10363;0;1;0;strongly disagree
0;28;13;1;0;0;0;0;0;0;1;1;agree
1;21;11;1;1;1;3524;4168;11300;0;0;0;neutral
0;21;10;1;1;1;1947;1785;6831;0;0;0;agree
0;27;12;0;0;0;0;0;14793;0;1;1;disagree
1;27;12;1;0;0;1971;4310;0;0;0;0;disagree
0;26;12;0;0;0;0;0;12384;0;1;1;strongly agree
1;31;13;0;0;0;5996;5498;2330;0;0;0;strongly disagree
1;24;15;1;0;0;12814;13008;14684;0;0;0;neutral
1;23;8;0;1;1;0;1713;4232;0;1;0;agree
0;28;12;1;1;0;10585;5551;12780;0;0;0;agree
1;31;12;0;0;0;0;2611;2485;0;1;0;disagree
1;26;12;1;0;0;1051;1089;11461;0;0;0;neutral
1;25;13;1;0;0;12363;3091;0;0;0;0;no opinion
0;26;14;1;1;0;2026;2026;0;0;0;0;neutral
0;33;9;0;1;1;0;0;0;1;1;1;no opinion
1;24;12;0;1;0;7865;7212;6486;1;0;0;no opinion
0;21;14;1;0;0;6463;5927;29408;0;0;0;agree
1;26;12;1;1;0;8409;5795;1425;0;0;0;neutral
0;24;12;1;0;0;0;160;0;0;1;0;strongly disagree
0;24;12;1;0;0;4739;8101;11235;0;0;0;no opinion
1;25;12;0;0;0;0;0;5588;0;1;1;disagree
1;42;14;1;0;0;0;0;20506;0;1;1;strongly disagree
1;18;12;1;0;0;563;563;0;0;0;0;no opinion
0;25;12;1;1;0;0;0;0;0;1;1;strongly agree
1;21;12;1;0;0;6474;3332;9371;0;0;0;strongly disagree
0;20;12;1;0;0;7182;6005;4780;0;0;0;agree
1;20;12;1;0;0;0;0;0;0;1;1;no opinion
0;20;12;1;0;0;558;1371;20893;0;0;0;agree
0;19;11;0;1;1;308;308;0;1;0;0;neutral
1;23;12;1;1;0;0;0;5912;0;1;1;agree
0;26;12;1;1;0;0;0;6192;0;1;1;disagree
1;31;11;1;1;1;0;0;14510;0;1;1;disagree
0;27;13;0;0;0;5214;475;4813;0;0;0;disagree
1;41;4;1;1;1;0;0;7285;0;1;1;neutral
0;27;12;0;0;0;6045;5035;0;0;0;0;no opinion
0;26;13;0;0;0;6477;5395;9766;0;0;0;strongly disagree
0;39;11;1;0;1;0;84;0;0;1;0;strongly disagree
1;30;11;1;1;1;0;0;591;0;1;1;strongly disagree
0;28;12;1;1;0;31635;29009;10067;0;0;0;strongly agree
1;21;12;0;0;0;0;0;8049;0;1;1;agree
1;23;12;0;0;0;9386;1117;559;1;0;0;no opinion
1;27;12;1;1;0;3671;334;0;0;0;0;strongly agree
0;24;12;0;0;0;0;0;11295;0;1;1;strongly agree
1;25;14;1;1;0;35040;11537;36647;0;0;0;agree
0;21;12;0;0;0;7254;5441;11544;0;0;0;agree
1;21;12;0;0;0;8060;7391;3558;0;0;0;strongly agree
1;21;12;0;0;0;3671;334;12558;0;0;0;strongly agree
1;38;11;1;0;1;0;0;0;0;1;1;no opinion
1;40;12;1;0;0;0;0;10804;0;1;1;neutral
1;41;9;1;1;1;6308;5784;0;0;0;0;disagree
0;28;10;1;1;1;8293;6449;16988;0;0;0;neutral
1;42;12;1;0;0;0;0;2456;0;1;1;strongly disagree
1;27;8;1;0;1;6150;7218;7977;0;0;0;disagree
1;23;12;1;1;0;15979;15080;10283;0;0;0;no opinion
1;48;4;1;0;1;0;0;6552;0;1;1;disagree
1;29;10;0;0;1;0;8854;5112;1;1;0;disagree
0;27;7;1;1;1;0;0;0;0;1;1;strongly disagree
1;44;11;1;0;1;0;0;0;0;1;1;disagree
0;26;8;1;1;1;3855;4084;0;0;0;0;strongly agree
1;37;11;1;1;1;0;0;9930;0;1;1;no opinion
1;31;9;1;0;1;10717;5518;9559;0;0;0;neutral
0;36;11;1;0;1;5520;7312;0;0;0;0;neutral
0;22;7;1;0;1;13504;13504;11607;0;0;0;disagree
0;50;10;0;0;1;0;0;0;1;1;1;strongly disagree
1;29;11;1;1;1;0;0;9643;0;1;1;neutral
1;38;9;0;0;1;0;0;6409;0;1;1;agree
0;28;11;1;0;1;17491;13371;0;0;0;0;disagree
0;36;11;0;0;1;5444;3064;1325;1;0;0;neutral
0;22;11;1;1;1;0;0;1698;0;1;1;disagree
1;33;11;1;0;1;0;7868;6281;0;1;0;agree
1;31;4;1;0;1;8518;4023;7383;0;0;0;neutral
1;37;9;1;0;1;0;0;1068;0;1;1;agree
0;29;11;1;1;1;0;0;10226;0;1;1;neutral
0;34;12;1;0;0;4907;4087;5671;0;0;0;neutral
0;45;9;1;0;1;0;0;4845;0;1;1;agree
0;31;11;1;0;1;19555;18291;0;0;0;0;strongly agree
0;31;11;1;0;1;8420;7505;308;0;0;0;disagree
1;19;9;0;0;1;3084;3276;14271;1;0;0;neutral
0;33;12;1;0;0;0;0;5970;0;1;1;disagree
1;17;10;1;0;1;1291;5794;5523;0;0;0;agree
1;25;11;1;1;1;0;0;1574;0;1;1;no opinion
0;22;11;1;0;1;1167;875;9140;0;0;0;no opinion
1;22;11;1;0;1;8176;7498;669;0;0;0;strongly agree
0;19;8;0;0;1;1088;1088;2987;1;0;0;strongly agree
1;22;11;1;0;1;12301;12171;8408;0;0;0;agree
0;25;10;1;1;1;0;0;3702;0;1;1;neutral
0;25;10;1;1;1;13520;9319;0;0;0;0;agree
0;43;10;1;0;1;2503;4128;7565;0;0;0;no opinion
0;34;11;1;1;1;0;0;6040;0;1;1;agree
1;46;8;1;0;1;3166;2595;0;0;0;0;no opinion
0;21;11;1;1;1;9659;7245;8977;0;0;0;disagree
0;22;9;1;0;1;0;506;604;0;1;0;strongly agree
0;34;10;1;1;1;0;0;0;0;1;1;disagree
1;29;10;1;0;1;0;4399;0;0;1;0;agree
1;28;11;1;0;1;1929;6872;0;0;0;0;neutral
1;28;11;1;0;1;0;1284;60308;0;1;0;disagree
1;28;10;1;0;1;0;2837;3197;0;1;0;agree
0;45;11;1;0;1;0;0;11796;0;1;1;no opinion
0;27;11;1;0;1;0;0;11197;0;1;1;no opinion
1;27;11;1;0;1;3312;2484;0;0;0;0;disagree
0;26;12;1;0;0;9247;8480;10821;0;0;0;disagree
1;27;10;1;0;1;3504;3213;2094;0;0;0;no opinion
1;29;4;1;0;1;0;0;763;0;1;1;agree
1;25;11;1;0;1;0;0;9897;0;1;1;no opinion
0;18;7;1;0;1;0;0;4133;0;1;1;neutral
1;23;12;1;0;0;9342;7782;14417;0;0;0;neutral
1;23;12;1;0;0;5506;501;671;0;0;0;agree
0;34;12;1;0;0;0;0;2114;0;1;1;strongly disagree
1;24;11;1;0;1;9344;9181;0;0;0;0;agree
0;24;11;1;0;1;0;1328;9496;0;1;0;disagree
0;30;12;1;0;0;0;0;13613;0;1;1;no opinion
0;26;8;1;0;1;1126;5563;3524;0;0;0;agree
1;21;12;1;0;0;473;808;4351;0;0;0;agree
0;23;11;1;0;1;0;0;4351;0;1;1;neutral
0;23;11;1;0;1;7617;5716;10275;0;0;0;no opinion
1;25;9;1;0;1;1419;1537;1709;0;0;0;neutral
1;24;10;1;0;1;4250;2422;1661;0;0;0;disagree
1;31;11;1;1;1;0;0;8087;0;1;1;disagree
1;18;11;1;0;1;0;0;4815;0;1;1;disagree
0;18;11;1;0;1;0;0;11303;0;1;1;neutral
0;18;11;1;0;1;789;2041;797;0;0;0;disagree
0;18;11;1;0;1;8784;8784;1824;0;0;0;disagree
0;17;10;1;0;1;0;0;2658;0;1;1;strongly agree
0;25;11;1;1;1;0;0;45;0;1;1;strongly disagree
0;19;11;1;0;1;3504;3286;11196;0;0;0;strongly agree
0;19;11;1;0;1;6337;4503;0;0;0;0;neutral
0;19;11;1;0;1;1868;1868;0;0;0;0;neutral
0;19;11;1;0;1;5217;5160;0;0;0;0;strongly agree
1;19;11;1;0;1;2305;2615;4147;0;0;0;no opinion
1;19;11;1;0;1;9857;10224;11294;0;0;0;disagree
0;19;11;1;0;1;946;1616;8823;0;0;0;no opinion
0;19;11;1;0;1;394;394;2482;0;0;0;strongly agree
1;21;11;1;0;1;2957;2218;4082;0;0;0;strongly agree
0;20;11;1;0;1;7964;8012;18156;0;0;0;strongly disagree
0;20;11;1;0;1;2570;2531;0;0;0;0;neutral
0;20;11;1;0;1;7967;7967;0;0;0;0;neutral
0;20;11;1;0;1;1650;1650;279;0;0;0;agree
0;20;11;1;0;1;1168;1633;1311;0;0;0;strongly agree
1;20;11;1;0;1;3637;1221;1085;0;0;0;no opinion
0;24;9;1;0;1;2622;4119;597;0;0;0;agree
0;30;9;0;0;1;3426;3142;1321;0;0;0;neutral
0;31;10;1;1;1;0;0;0;0;1;1;agree
0;18;10;1;0;1;678;2457;13675;0;0;0;strongly disagree
0;18;10;1;0;1;0;274;5514;0;1;0;disagree
1;18;10;1;0;1;2143;1784;11141;0;0;0;neutral
0;28;11;0;1;1;3473;0;6772;1;0;1;disagree
1;17;9;1;0;1;0;0;0;0;1;1;strongly agree
1;17;9;1;0;1;375;375;3622;0;0;0;strongly disagree
1;17;9;1;0;1;1717;1253;5445;0;0;0;strongly agree
0;25;10;1;1;1;0;0;0;0;1;1;agree
0;44;11;1;0;1;0;0;0;0;1;1;agree
0;22;10;1;0;1;0;2175;5344;0;1;0;disagree
1;19;10;1;0;1;2959;3213;2975;0;0;0;agree
1;19;10;1;0;1;4122;6057;0;0;0;0;disagree
0;21;10;1;0;1;6661;1162;39484;0;0;0;strongly agree
0;29;12;1;0;0;22859;2080;16970;0;0;0;neutral
1;29;12;1;0;0;10882;1817;0;0;0;0;no opinion
0;20;10;1;0;1;825;825;0;0;0;0;no opinion
1;20;10;1;0;1;11073;11073;0;0;0;0;strongly agree
0;20;10;1;0;1;3115;2856;18347;0;0;0;disagree
0;20;10;1;0;1;3667;2750;6868;0;0;0;disagree
0;20;10;1;0;1;0;0;8599;0;1;1;agree
0;18;9;1;0;1;0;0;0;0;1;1;disagree
0;18;9;1;0;1;2138;2138;5768;0;0;0;agree
1;17;8;1;0;1;0;0;0;0;1;1;strongly agree
1;17;8;1;0;1;0;0;0;0;1;1;disagree
0;26;10;1;1;1;6140;559;0;0;0;0;neutral
1;26;10;1;1;1;2028;0;0;0;0;1;neutral
1;22;9;1;0;1;2193;3837;3463;0;0;0;no opinion
0;19;9;1;0;1;8410;1778;7171;0;0;0;no opinion
0;21;9;1;0;1;31886;12357;0;0;0;0;no opinion
0;20;9;1;0;1;7688;9164;8924;0;0;0;strongly agree
0;20;9;1;0;1;9718;9691;8563;0;0;0;no opinion
0;31;4;0;0;1;11681;10711;0;0;0;0;agree
0;44;9;1;0;1;0;0;9722;0;1;1;agree
0;18;7;0;1;1;3059;2672;6331;1;0;0;neutral
1;19;8;1;0;1;2636;2937;7536;0;0;0;neutral
1;21;8;1;0;1;989;3696;4280;0;0;0;strongly disagree
0;19;10;1;1;1;0;0;12798;0;1;1;agree
0;17;10;0;0;1;1204;1240;5089;1;0;0;no opinion
0;19;9;1;1;1;0;0;16658;0;1;1;strongly disagree
0;19;6;0;0;1;0;0;5072;1;1;1;strongly disagree
0;29;11;1;1;1;0;0;0;0;1;1;strongly disagree
0;17;9;0;0;1;0;0;5115;1;1;1;strongly agree
0;25;8;1;1;1;331;516;14281;0;0;0;strongly agree
1;29;10;1;1;1;4688;4923;131;0;0;0;no opinion
1;24;10;1;1;1;11703;4078;0;0;0;0;neutral
0;28;8;0;0;1;0;0;8190;0;1;1;strongly disagree
0;33;11;1;0;1;10524;2900;18860;0;0;0;agree
1;21;11;0;0;1;1262;946;11412;0;0;0;strongly agree
1;26;11;0;0;1;3808;4676;1973;0;0;0;strongly disagree
0;28;11;1;1;1;8593;5394;4975;0;0;0;neutral
0;23;10;1;1;1;10746;9854;0;0;0;0;disagree
0;31;12;1;0;0;0;5614;0;0;1;0;strongly disagree
0;31;12;1;0;0;0;0;7284;0;1;1;neutral
1;25;11;0;0;1;0;0;18783;0;1;1;strongly disagree
1;25;12;1;0;0;3297;2747;2091;0;0;0;disagree
1;25;12;1;0;0;0;0;11966;0;1;1;strongly disagree
0;24;10;0;0;1;3001;3001;5350;1;0;0;strongly agree
1;18;11;0;0;1;5492;5492;2455;1;0;0;disagree
0;27;11;1;1;1;1123;1123;216;0;0;0;strongly disagree
1;17;10;0;0;1;2103;2203;4387;1;0;0;strongly disagree
0;17;10;0;0;1;1443;1735;6354;1;0;0;no opinion
0;17;10;0;0;1;4905;1169;11306;1;0;0;strongly agree
1;43;9;1;0;1;0;0;0;0;1;1;strongly agree
1;25;10;0;0;1;5139;4713;6104;0;0;0;no opinion
0;25;10;0;0;1;8877;8140;3413;0;0;0;strongly disagree
0;21;14;1;0;0;0;0;5775;0;1;1;strongly disagree
1;21;11;0;0;1;6853;6659;9381;1;0;0;strongly agree
0;21;11;0;0;1;2993;8920;20858;1;0;0;strongly agree
0;17;11;0;0;1;0;0;0;0;1;1;strongly disagree
1;18;10;0;0;1;12718;12626;0;1;0;0;strongly agree
0;18;10;0;0;1;0;0;1859;1;1;1;strongly agree
1;27;10;1;1;1;0;0;18740;0;1;1;agree
1;22;10;1;1;1;1468;5589;13228;0;0;0;neutral
0;30;13;1;0;0;6074;5570;0;0;0;0;strongly disagree
0;23;11;0;0;1;21492;19996;12896;0;0;0;strongly disagree
0;19;10;0;0;1;0;0;0;1;1;1;neutral
0;19;10;0;0;1;1262;2275;4335;1;0;0;neutral
1;18;11;0;0;1;3678;920;4322;0;0;0;neutral
0;27;12;0;0;0;27914;24277;15763;1;0;0;neutral
0;17;10;0;0;1;2418;2466;4212;0;0;0;strongly agree
1;26;12;1;0;0;0;0;10747;0;1;1;strongly disagree
0;26;12;1;0;0;0;0;0;0;1;1;neutral
1;22;11;0;0;1;0;0;1048;0;1;1;strongly agree
0;19;11;0;0;1;823;823;2650;0;0;0;no opinion
0;19;11;0;0;1;0;0;0;0;1;1;disagree
1;27;9;1;1;1;0;934;1773;0;1;0;neutral
1;30;12;1;0;0;0;0;24909;0;1;1;no opinion
0;20;11;0;0;1;1546;1159;0;0;0;0;no opinion
1;25;8;0;0;1;24415;23097;6422;0;0;0;disagree
0;19;9;0;0;1;2687;2751;15581;1;0;0;strongly disagree
0;29;14;1;0;0;3357;3357;7226;0;0;0;strongly agree
0;26;10;1;1;1;12143;9107;12660;0;0;0;strongly disagree
1;17;9;0;0;1;1618;1618;6011;0;0;0;strongly disagree
1;25;11;1;1;1;0;0;0;0;1;1;no opinion
0;24;8;0;0;1;0;0;10569;0;1;1;strongly disagree
1;29;13;1;0;0;0;0;7480;0;1;1;neutral
1;25;12;1;0;0;6939;5204;0;0;0;0;no opinion
0;17;8;0;0;1;0;0;10211;0;1;1;agree
1;28;15;1;0;0;0;0;9599;0;1;1;disagree
1;19;9;0;0;1;0;0;13189;0;1;1;strongly agree
1;25;12;1;0;0;14427;2409;0;0;0;0;no opinion
0;25;10;1;1;1;0;0;0;0;1;1;disagree
0;18;8;0;0;1;1168;1346;1726;0;0;0;neutral
0;29;12;1;0;0;0;0;1891;0;1;1;strongly agree
0;28;14;1;0;0;7851;6540;3123;0;0;0;agree
0;18;6;0;0;1;6385;6143;3825;1;0;0;agree
0;42;10;1;0;1;0;0;6930;0;1;1;no opinion
1;23;7;0;0;1;0;0;0;0;1;1;neutral
1;18;8;0;1;1;0;0;2788;1;1;1;strongly disagree
0;21;11;1;1;1;7652;7652;8397;0;0;0;agree
1;23;10;1;1;1;9462;10495;3386;0;0;0;disagree
0;24;12;1;0;0;0;0;0;0;1;1;neutral
0;27;13;1;0;0;9594;8797;1653;0;0;0;neutral
1;27;13;1;0;0;0;0;0;0;1;1;no opinion
1;27;13;1;0;0;0;0;14582;0;1;1;neutral
0;27;13;1;0;0;0;0;7610;0;1;1;disagree
1;27;13;1;0;0;0;0;34099;0;1;1;agree
0;27;12;1;0;0;31167;32984;10833;0;0;0;strongly disagree
1;27;12;1;0;0;2143;358;22163;0;0;0;no opinion
0;27;12;1;0;0;3312;2484;3552;0;0;0;agree
0;38;10;1;0;1;0;0;0;0;1;1;strongly disagree
1;22;16;1;0;0;0;0;2164;0;1;1;agree
0;26;12;1;0;0;7322;7322;4677;0;0;0;no opinion
1;22;12;1;0;0;5606;936;0;0;0;0;strongly agree
0;22;12;1;0;0;0;0;0;0;1;1;neutral
0;25;13;1;0;0;10240;10240;10021;0;0;0;disagree
0;25;13;1;0;0;3751;3751;1673;0;0;0;no opinion
1;25;12;1;0;0;0;0;3192;0;1;1;strongly disagree
1;25;12;1;0;0;0;0;0;0;1;1;disagree
0;25;12;1;0;0;0;0;3418;0;1;1;no opinion
0;25;12;1;0;0;0;0;0;0;1;1;disagree
1;25;12;1;0;0;0;0;2349;0;1;1;neutral
1;21;13;1;0;0;0;0;17095;0;1;1;strongly agree
0;25;11;0;1;1;0;0;4486;1;1;1;disagree
1;24;12;1;0;0;20580;18154;0;0;0;0;strongly disagree
1;24;12;1;0;0;13766;2843;6168;0;0;0;neutral
1;21;13;1;0;0;27052;24807;8804;0;0;0;neutral
0;20;13;1;0;0;9107;8965;9200;0;0;0;neutral
1;20;12;1;0;0;989;165;0;0;0;0;neutral
1;23;12;1;0;0;6614;7842;7947;0;0;0;no opinion
1;23;12;1;0;0;0;0;0;0;1;1;neutral
1;23;12;1;0;0;0;0;4843;0;1;1;agree
1;23;12;1;0;0;6269;3040;8484;0;0;0;no opinion
0;20;12;1;0;0;0;0;0;0;1;1;strongly agree
1;18;12;1;0;0;0;0;2321;0;1;1;disagree
0;18;12;1;0;0;0;1406;0;0;1;0;disagree
0;18;12;1;0;0;701;643;14445;0;0;0;no opinion
0;22;12;1;0;0;2591;2158;0;0;0;0;agree
1;22;12;1;0;0;0;0;18678;0;1;1;strongly agree
0;22;12;1;0;0;710;532;1333;0;0;0;neutral
1;19;12;1;0;0;3042;2534;4552;0;0;0;strongly agree
1;21;12;1;0;0;0;0;1255;0;1;1;agree
1;21;12;1;0;0;0;0;9984;0;1;1;no opinion
0;21;12;1;0;0;449;449;0;0;0;0;disagree
0;20;12;1;0;0;6576;4932;6087;0;0;0;disagree
1;20;12;1;0;0;1265;1160;702;0;0;0;strongly disagree
1;20;12;1;0;0;8114;6085;9751;0;0;0;disagree
0;20;12;1;0;0;0;592;4160;0;1;0;no opinion
1;20;12;1;0;0;9228;9228;0;0;0;0;disagree
1;20;12;1;0;0;0;378;1653;0;1;0;strongly agree
0;19;12;1;0;0;8417;2814;1721;0;0;0;strongly agree
1;19;11;0;1;1;5424;5464;6788;1;0;0;strongly disagree
0;19;12;1;0;0;0;0;0;0;1;1;disagree
1;40;11;1;0;1;0;0;23006;0;1;1;disagree
0;18;10;0;1;1;2308;1923;4768;1;0;0;strongly disagree
0;27;12;0;0;0;2920;2678;17395;1;0;0;strongly disagree
1;20;6;0;1;1;10803;10803;4488;1;0;0;no opinion
0;36;7;1;0;1;1752;1607;20781;0;0;0;no opinion
0;24;7;1;0;1;0;0;1456;0;1;1;strongly disagree
0;21;8;1;0;1;879;2237;1764;0;0;0;no opinion
0;35;11;1;0;1;0;0;0;0;1;1;agree
0;39;9;1;0;1;0;0;0;0;1;1;neutral
0;23;12;0;0;0;5722;8961;7078;1;0;0;neutral
1;18;12;0;0;0;584;536;1116;1;0;0;strongly agree
0;29;9;1;0;1;9269;9161;0;0;0;0;strongly disagree
0;36;10;1;0;1;0;0;14690;0;1;1;neutral
1;33;8;1;0;1;0;0;290;0;1;1;strongly agree
0;32;11;1;0;1;0;0;11121;0;1;1;disagree
0;39;6;1;0;1;0;0;0;0;1;1;strongly agree
0;38;10;1;0;1;0;0;12430;0;1;1;disagree
0;38;8;1;0;1;0;0;0;0;1;1;neutral
0;37;10;1;0;1;8607;8607;0;0;0;0;disagree
0;20;10;1;0;1;690;690;10865;0;0;0;disagree
0;36;10;1;0;1;0;0;0;0;1;1;no opinion
1;27;11;1;0;1;0;0;7506;0;1;1;disagree
1;35;10;1;0;1;0;0;4666;0;1;1;neutral
0;35;10;1;0;1;9903;9903;9454;0;0;0;strongly disagree
0;35;10;1;0;1;0;0;446;0;1;1;agree
0;25;10;1;0;1;0;0;20942;0;1;1;agree
0;24;11;1;0;1;0;0;14626;0;1;1;agree
1;30;11;1;0;1;0;0;0;0;1;1;disagree
0;20;9;0;0;1;0;0;8330;1;1;1;no opinion
0;23;11;1;0;1;37849;29897;23483;0;0;0;agree
0;34;11;1;0;1;0;0;2920;0;1;1;disagree
0;34;11;1;0;1;8912;8912;5612;0;0;0;neutral
1;23;10;1;0;1;17131;15710;5665;0;0;0;strongly disagree
1;25;8;1;0;1;37432;37432;2347;0;0;0;no opinion
0;34;10;1;0;1;0;0;7953;0;1;1;no opinion
0;30;8;1;0;1;0;1707;0;0;1;0;agree
0;21;7;0;0;1;0;0;0;1;1;1;disagree
0;34;9;1;0;1;5244;4368;14051;0;0;0;no opinion
1;20;9;1;0;1;6084;0;8882;0;0;1;disagree
0;29;11;1;0;1;0;0;0;0;1;1;agree
0;33;11;1;0;1;0;0;0;0;1;1;strongly disagree
1;34;7;1;0;1;1143;858;0;0;0;0;neutral
1;29;8;1;0;1;0;0;1924;0;1;1;strongly disagree
0;28;10;1;0;1;10980;10068;0;0;0;0;strongly disagree
0;29;9;0;0;1;9594;16341;16900;1;0;0;disagree
1;32;11;1;0;1;0;0;8472;0;1;1;agree
1;27;11;1;0;1;17075;14224;7662;0;0;0;strongly agree
1;32;10;1;0;1;2787;2322;179;0;0;0;strongly disagree
0;32;10;1;0;1;0;0;0;0;1;1;no opinion
0;26;11;1;0;1;4700;1175;6672;0;0;0;strongly agree
0;27;11;1;0;1;3065;766;0;0;0;0;strongly agree
1;27;10;1;0;1;1001;3550;0;0;0;0;strongly disagree
1;34;11;0;0;1;5062;4641;2878;1;0;0;neutral
0;26;10;1;0;1;0;0;3931;0;1;1;strongly agree
0;32;8;1;0;1;0;0;7152;0;1;1;agree
0;31;11;1;0;1;17712;1726;0;0;0;0;neutral
0;31;11;1;0;1;7662;6383;0;0;0;0;disagree
1;21;11;0;0;1;21589;17984;15192;1;0;0;strongly disagree
1;25;11;1;0;1;0;0;485;0;1;1;disagree
0;31;10;1;0;1;0;0;0;0;1;1;no opinion
0;31;10;1;0;1;0;0;17015;0;1;1;strongly agree
0;31;10;1;0;1;0;520;14528;0;1;0;strongly agree
1;17;10;1;0;1;0;0;0;0;1;1;strongly disagree
1;30;11;1;0;1;1913;1913;0;0;0;0;strongly disagree
1;19;11;1;0;1;0;0;7458;0;1;1;no opinion
0;31;8;1;0;1;5495;4578;6154;0;0;0;no opinion
1;20;11;1;0;1;0;0;3973;0;1;1;neutral
0;20;8;0;0;1;1350;1125;11731;1;0;0;strongly disagree
1;23;10;1;0;1;0;0;7693;0;1;1;agree
0;24;9;1;0;1;2788;0;16462;0;0;1;disagree
1;18;10;1;0;1;0;799;9737;0;1;0;disagree
0;18;10;1;0;1;1557;1428;11603;0;0;0;strongly agree
1;30;10;1;0;1;3140;2616;0;0;0;0;disagree
0;22;10;1;0;1;16486;13733;10771;0;0;0;strongly agree
0;25;11;1;0;1;2622;2455;8764;0;0;0;strongly disagree
1;20;10;1;0;1;6123;5101;13626;0;0;0;strongly agree
0;20;10;1;0;1;0;0;2016;0;1;1;neutral
0;25;11;1;0;1;0;0;0;0;1;1;strongly agree
1;25;11;1;0;1;0;0;0;0;1;1;agree
0;20;9;1;0;1;3312;2484;0;0;0;0;neutral
0;29;11;1;0;1;3551;3256;3290;0;0;0;agree
0;24;11;1;0;1;0;0;0;0;1;1;strongly disagree
1;20;7;1;0;1;1884;1569;5518;0;0;0;disagree
0;29;9;1;0;1;0;1204;9379;0;1;0;strongly agree
1;24;9;1;0;1;9155;2289;4850;0;0;0;disagree
0;28;11;1;0;1;2432;863;0;0;0;0;strongly agree
0;28;11;1;0;1;0;0;5767;0;1;1;disagree
0;29;8;1;0;1;0;0;0;0;1;1;strongly agree
0;27;9;0;0;1;2129;1597;6723;1;0;0;no opinion
0;28;10;1;0;1;1471;368;4859;0;0;0;strongly disagree
0;28;10;1;0;1;6567;6567;5436;0;0;0;strongly disagree
0;28;10;1;0;1;5378;4480;129;0;0;0;strongly agree
0;23;11;1;0;1;6382;581;0;0;0;0;neutral
0;33;5;0;0;1;0;0;0;1;1;1;no opinion
0;23;10;1;0;1;0;0;0;0;1;1;no opinion
1;27;11;1;0;1;2207;2666;0;0;0;0;strongly disagree
1;27;11;1;0;1;0;0;0;0;1;1;neutral
1;27;11;1;0;1;0;0;549;0;1;1;strongly agree
1;28;9;1;0;1;0;0;10694;0;1;1;strongly disagree
0;28;9;1;0;1;0;0;0;0;1;1;no opinion
0;27;10;1;0;1;0;0;1135;0;1;1;disagree
0;27;10;1;0;1;0;0;1185;0;1;1;strongly disagree
1;28;8;1;0;1;1577;1183;7779;0;0;0;strongly agree
0;28;8;1;0;1;11870;10610;4623;0;0;0;strongly agree
1;28;8;1;0;1;0;0;0;0;1;1;neutral
1;26;11;1;0;1;0;0;17231;0;1;1;neutral
0;26;11;1;0;1;0;0;7176;0;1;1;disagree
1;31;9;0;0;1;0;0;26818;1;1;1;strongly disagree
0;27;9;1;0;1;2839;2129;0;0;0;0;neutral
1;27;9;1;0;1;3059;2295;2019;0;0;0;disagree
1;27;9;1;0;1;0;0;0;0;1;1;agree
1;26;10;1;0;1;0;0;9266;0;1;1;agree
1;26;10;1;0;1;25930;6789;673;0;0;0;no opinion
0;26;10;1;0;1;0;0;2169;0;1;1;neutral
1;27;8;1;0;1;0;0;0;0;1;1;neutral
0;27;8;1;0;1;0;0;3784;0;1;1;strongly disagree
0;20;11;0;0;1;0;0;6379;1;1;1;no opinion
0;25;11;1;0;1;0;0;1264;0;1;1;neutral
0;25;11;1;0;1;3650;3650;0;0;0;0;strongly agree
0;25;11;1;0;1;15210;3073;285;0;0;0;disagree
0;25;11;1;0;1;5281;0;0;0;0;1;neutral
0;25;11;1;0;1;4672;4284;4117;0;0;0;strongly agree
0;25;11;1;0;1;0;0;4196;0;1;1;strongly disagree
0;17;9;0;0;1;732;671;4210;1;0;0;strongly agree
0;26;9;1;0;1;7585;6955;11857;0;0;0;disagree
0;20;11;1;0;1;1931;3249;6028;0;0;0;neutral
0;25;10;1;0;1;0;0;0;0;1;1;disagree
0;25;10;1;0;1;0;0;7367;0;1;1;strongly disagree
0;25;10;1;0;1;0;0;290;0;1;1;agree
1;25;10;1;0;1;0;0;0;0;1;1;strongly agree
1;24;11;1;0;1;0;0;1991;0;1;1;no opinion
0;24;11;1;0;1;13627;13371;19534;0;0;0;strongly disagree
1;24;11;1;0;1;0;0;996;0;1;1;no opinion
0;17;11;1;0;1;0;0;8552;0;1;1;disagree
0;17;11;1;0;1;4081;3796;0;0;0;0;no opinion
0;17;11;1;0;1;989;165;4251;0;0;0;strongly agree
0;17;11;1;0;1;1262;1157;6365;0;0;0;neutral
1;23;11;1;0;1;11946;8960;1659;0;0;0;strongly agree
1;23;11;1;0;1;0;0;0;0;1;1;strongly disagree
0;23;11;1;0;1;0;0;0;0;1;1;no opinion
1;23;11;1;0;1;2355;1962;3689;0;0;0;neutral
0;23;11;1;0;1;0;0;5089;0;1;1;strongly agree
0;23;11;1;0;1;0;1896;5574;0;1;0;agree
0;23;11;1;0;1;0;0;0;0;1;1;disagree
0;24;10;1;0;1;0;0;0;0;1;1;strongly agree
0;24;10;1;0;1;1570;1308;0;0;0;0;strongly disagree
1;24;10;1;0;1;0;0;0;0;1;1;strongly agree
0;24;10;1;0;1;0;0;0;0;1;1;disagree
1;24;10;1;0;1;0;0;0;0;1;1;strongly agree
0;24;10;1;0;1;0;0;7619;0;1;1;no opinion
0;18;11;1;0;1;1065;645;5498;0;0;0;strongly disagree
0;18;11;1;0;1;1170;1170;604;0;0;0;no opinion
0;18;11;1;0;1;0;0;0;0;1;1;strongly agree
1;18;11;1;0;1;1135;852;0;0;0;0;neutral
1;18;11;1;0;1;858;215;930;0;0;0;disagree
1;18;11;1;0;1;0;0;0;0;1;1;disagree
0;18;11;1;0;1;2500;2292;4994;0;0;0;agree
0;18;8;0;0;1;0;0;10799;1;1;1;no opinion
0;17;10;1;0;1;0;0;0;0;1;1;agree
1;17;10;1;0;1;0;0;0;0;1;1;agree
0;17;10;1;0;1;0;0;276;0;1;1;agree
0;17;10;1;0;1;0;0;1143;0;1;1;agree
1;17;10;1;0;1;188;157;10641;0;0;0;agree
1;17;10;1;0;1;0;0;0;0;1;1;strongly disagree
0;17;10;1;0;1;0;0;2189;0;1;1;strongly disagree
1;17;10;1;0;1;0;0;16218;0;1;1;no opinion
0;17;10;1;0;1;2073;1726;11062;0;0;0;strongly agree
1;17;10;1;0;1;1201;1001;1434;0;0;0;disagree
1;17;10;1;0;1;934;857;3251;0;0;0;agree
0;17;10;1;0;1;0;665;0;0;1;0;agree
0;22;11;1;0;1;7914;1322;2639;0;0;0;neutral
1;22;11;1;0;1;0;0;6457;0;1;1;strongly agree
0;22;11;1;0;1;8810;6974;3709;0;0;0;agree
1;22;11;1;0;1;8125;8775;18296;0;0;0;no opinion
1;22;11;1;0;1;662;607;318;0;0;0;agree
0;22;11;1;0;1;0;0;0;0;1;1;no opinion
0;22;11;1;0;1;3250;2707;101;0;0;0;agree
0;19;11;1;0;1;0;0;0;0;1;1;neutral
0;19;11;1;0;1;0;0;0;0;1;1;no opinion
0;19;11;1;0;1;721;2446;9772;0;0;0;strongly agree
0;19;11;1;0;1;0;0;0;0;1;1;neutral
1;19;11;1;0;1;2103;1928;11966;0;0;0;strongly disagree
0;19;11;1;0;1;1627;0;0;0;0;1;agree
0;19;11;1;0;1;11828;8871;7396;0;0;0;neutral
0;19;11;1;0;1;705;705;0;0;0;0;no opinion
1;19;11;1;0;1;710;532;0;0;0;0;strongly agree
1;19;11;1;0;1;210;193;661;0;0;0;no opinion
1;19;11;1;0;1;6971;6409;11649;0;0;0;neutral
1;21;11;1;0;1;2878;2159;0;0;0;0;no opinion
1;21;11;1;0;1;6375;5310;7906;0;0;0;strongly disagree
0;21;11;1;0;1;2484;1863;11631;0;0;0;disagree
0;21;11;1;0;1;0;0;1553;0;1;1;strongly agree
1;20;11;1;0;1;7008;6427;16451;0;0;0;no opinion
1;20;11;1;0;1;16319;1485;6943;0;0;0;agree
0;20;11;1;0;1;8009;7667;7659;0;0;0;agree
1;20;11;1;0;1;759;696;0;0;0;0;strongly disagree
0;20;11;1;0;1;3785;3470;7897;0;0;0;no opinion
0;23;10;1;0;1;0;0;0;0;1;1;strongly disagree
0;23;10;1;0;1;0;0;0;0;1;1;strongly disagree
0;23;10;1;0;1;0;0;0;0;1;1;no opinion
1;23;10;1;0;1;2957;2218;0;0;0;0;agree
0;25;8;1;0;1;0;0;3516;0;1;1;neutral
1;25;8;1;0;1;0;0;0;0;1;1;no opinion
0;19;10;1;0;1;0;604;0;0;1;0;strongly disagree
0;20;8;1;0;1;0;0;0;0;1;1;disagree
0;24;9;1;0;1;1275;1275;8644;0;0;0;strongly agree
0;24;9;1;0;1;9663;9663;0;0;0;0;disagree
0;18;10;1;0;1;0;0;11048;0;1;1;disagree
0;18;10;1;0;1;0;0;781;0;1;1;disagree
1;18;10;1;0;1;0;0;11163;0;1;1;strongly agree
1;18;10;1;0;1;763;700;481;0;0;0;strongly disagree
0;18;10;1;0;1;960;240;2892;0;0;0;strongly agree
1;18;10;1;0;1;1495;1371;12064;0;0;0;disagree
0;18;10;1;0;1;1791;1642;0;0;0;0;neutral
0;18;10;1;0;1;1563;0;9602;0;0;1;agree
0;18;10;1;0;1;2492;2285;3269;0;0;0;strongly disagree
0;18;10;1;0;1;0;0;202;0;1;1;strongly disagree
0;18;11;1;0;1;4985;4153;4165;0;0;0;no opinion
0;17;9;1;0;1;0;2595;0;0;1;0;agree
0;17;9;1;0;1;828;621;18086;0;0;0;strongly agree
0;17;9;1;0;1;0;0;3591;0;1;1;no opinion
0;17;9;1;0;1;1609;1206;0;0;0;0;strongly agree
1;17;9;1;0;1;2002;1668;5595;0;0;0;no opinion
0;17;9;1;0;1;0;0;0;0;1;1;strongly disagree
1;17;9;1;0;1;0;0;1953;0;1;1;no opinion
1;17;9;1;0;1;1467;1342;1374;0;0;0;no opinion
1;17;11;1;0;1;9267;8497;9017;0;0;0;strongly agree
1;22;10;1;0;1;1168;1071;7315;0;0;0;neutral
0;22;10;1;0;1;2120;1766;0;0;0;0;strongly disagree
0;22;10;1;0;1;0;0;0;0;1;1;neutral
1;22;10;1;0;1;785;654;11135;0;0;0;disagree
0;22;10;1;0;1;0;0;0;0;1;1;no opinion
0;26;6;1;0;1;0;0;4813;0;1;1;neutral
1;19;10;1;0;1;1499;1375;13279;0;0;0;disagree
0;19;10;1;0;1;1051;964;7047;0;0;0;strongly agree
1;19;10;1;0;1;0;385;8125;0;1;0;no opinion
0;19;10;1;0;1;0;0;5286;0;1;1;neutral
0;19;10;1;0;1;1557;1428;4688;0;0;0;strongly agree
1;19;10;1;0;1;0;0;3229;0;1;1;strongly disagree
1;19;10;1;0;1;3878;3474;5862;0;0;0;disagree
0;19;10;1;0;1;0;0;4310;0;1;1;no opinion
0;18;11;1;0;1;0;0;4657;0;1;1;strongly agree
0;18;10;1;0;1;1717;2682;0;0;0;0;strongly agree
0;21;10;1;0;1;1230;923;0;0;0;0;neutral
0;20;10;1;0;1;3745;3678;558;0;0;0;agree
1;20;10;1;0;1;5006;2777;5615;0;0;0;strongly agree
1;23;9;1;0;1;2366;1774;11465;0;0;0;no opinion
1;23;8;0;0;1;0;0;3881;1;1;1;neutral
0;18;9;1;0;1;2198;2007;6546;0;0;0;strongly disagree
0;18;9;1;0;1;0;0;12486;0;1;1;agree
1;18;9;1;0;1;1402;1285;15369;0;0;0;strongly agree
0;18;9;1;0;1;0;0;10877;0;1;1;strongly disagree
0;18;9;1;0;1;0;0;2390;0;1;1;disagree
0;18;9;1;0;1;0;0;0;0;1;1;agree
0;18;9;1;0;1;1605;1605;0;0;0;0;strongly agree
1;18;9;1;0;1;1577;1183;5100;0;0;0;no opinion
0;18;9;1;0;1;589;490;3481;0;0;0;neutral
0;18;9;1;0;1;1542;1414;3476;0;0;0;agree
0;18;9;1;0;1;0;0;9227;0;1;1;strongly agree
1;18;9;1;0;1;0;3287;5010;0;1;0;no opinion
0;17;8;1;0;1;1962;2037;0;0;0;0;no opinion
0;17;8;1;0;1;0;0;7010;0;1;1;no opinion
0;17;8;1;0;1;0;0;8994;0;1;1;agree
0;17;8;1;0;1;1025;769;3021;0;0;0;neutral
1;17;8;1;0;1;0;0;8061;0;1;1;no opinion
0;17;8;1;0;1;1285;1178;14380;0;0;0;strongly agree
0;22;9;1;0;1;0;0;12898;0;1;1;strongly disagree
0;22;9;1;0;1;0;0;0;0;1;1;strongly agree
1;22;9;1;0;1;0;0;4056;0;1;1;disagree
0;26;5;1;0;1;0;0;0;0;1;1;strongly disagree
1;19;9;1;0;1;0;799;17685;0;1;0;no opinion
0;19;9;1;0;1;1083;902;1914;0;0;0;strongly disagree
1;19;9;1;0;1;0;0;8174;0;1;1;agree
0;19;9;1;0;1;0;0;5713;0;1;1;disagree
0;19;9;1;0;1;2881;2642;2653;0;0;0;strongly disagree
0;19;9;1;0;1;1538;1538;4189;0;0;0;agree
1;18;9;1;0;1;0;0;4483;0;1;1;strongly disagree
0;18;9;1;0;1;0;0;0;0;1;1;disagree
0;18;9;1;0;1;0;0;10740;0;1;1;neutral
1;21;9;1;0;1;0;0;0;0;1;1;agree
0;21;9;1;0;1;591;0;3343;0;0;1;strongly agree
1;21;9;1;0;1;6416;5749;744;0;0;0;disagree
1;20;9;1;0;1;720;661;12230;0;0;0;neutral
0;20;9;1;0;1;0;0;5193;0;1;1;neutral
0;20;9;1;0;1;0;0;2036;0;1;1;strongly agree
0;23;8;1;0;1;0;0;3747;0;1;1;strongly agree
0;23;8;1;0;1;7724;3403;0;0;0;0;strongly agree
0;24;7;1;0;1;0;0;2194;0;1;1;no opinion
1;18;8;1;0;1;1308;1200;0;0;0;0;no opinion
1;18;8;1;0;1;0;0;0;0;1;1;agree
0;18;8;1;0;1;0;0;1568;0;1;1;agree
1;17;7;1;0;1;0;0;3024;0;1;1;disagree
0;22;8;1;0;1;0;0;1391;0;1;1;neutral
0;22;8;1;0;1;6892;6151;0;0;0;0;disagree
1;19;8;1;0;1;0;2657;9971;0;1;0;strongly disagree
0;21;8;1;0;1;39571;6608;3084;0;0;0;agree
0;20;8;1;0;1;0;0;3645;0;1;1;agree
1;25;5;1;0;1;0;0;12187;0;1;1;strongly disagree
1;25;5;1;0;1;0;0;6182;0;1;1;disagree
0;21;7;1;0;1;33800;0;11012;0;0;1;agree
1;18;6;1;0;1;0;0;0;0;1;1;strongly disagree
1;27;10;0;0;1;459;421;3076;1;0;0;strongly disagree
1;27;10;0;0;1;0;0;11143;1;1;1;neutral
0;26;11;0;0;1;1790;1491;0;1;0;0;neutral
0;20;6;1;0;1;6007;2851;0;0;0;0;no opinion
1;20;9;0;0;1;12261;5875;1359;1;0;0;disagree
0;20;7;0;0;1;0;0;4374;1;1;1;strongly disagree
0;25;9;0;0;1;0;0;15791;1;1;1;no opinion
0;17;10;0;0;1;0;0;8469;1;1;1;neutral
1;21;11;0;0;1;1395;1395;0;1;0;0;agree
0;18;10;0;0;1;0;0;6528;1;1;1;agree
1;18;10;0;0;1;2589;2589;0;1;0;0;neutral
1;17;9;0;0;1;445;74;6211;1;0;0;disagree
0;19;10;0;0;1;1197;1197;11224;1;0;0;neutral
0;25;7;0;0;1;1413;1177;9722;1;0;0;agree
0;18;9;0;0;1;1647;1647;1066;1;0;0;agree
1;18;9;0;0;1;1869;1714;8837;1;0;0;agree
0;18;9;0;0;1;2928;2685;2979;1;0;0;strongly agree
1;22;9;0;0;1;0;0;3596;1;1;1;neutral
1;19;9;0;0;1;6511;6511;7913;1;0;0;neutral
0;19;9;0;0;1;0;0;3812;1;1;1;strongly disagree
1;20;9;0;0;1;8741;8015;5488;1;0;0;strongly disagree
0;18;8;0;0;1;3312;2484;11136;1;0;0;no opinion
0;22;8;0;0;1;0;0;9921;1;1;1;strongly disagree
1;19;8;0;0;1;2484;1863;8775;1;0;0;neutral
0;24;4;0;0;1;0;0;3881;1;1;1;strongly agree
